 sigma_hat,alpha_hat,m_hat
   1.5041139160879151E-002 ,   2.4966009639412752      ,   14.865127367239410     
   1.5021445560025701E-002 ,   2.5124333348631565      ,   15.676933216396657     
   1.4993109115997806E-002 ,   2.4865006444292601      ,   15.642441406845904     
   1.4965012755130704E-002 ,   2.5009680436342823      ,   15.128843821560453     
   1.4983870769575474E-002 ,   2.5122439471211617      ,   15.154006558564033     
   1.4863825441435122E-002 ,   2.4913006113645531      ,   15.134998021398305     
   1.4986044286643940E-002 ,   2.4911206889735715      ,   14.775099711339875     
   1.4973095749752710E-002 ,   2.5107539896502411      ,   15.440558336263535     
   1.5024665301170397E-002 ,   2.5074034296817183      ,   14.974849393859859     
   1.4965223734855215E-002 ,   2.5004359862339123      ,   15.535697476520980     
   1.4864535309002233E-002 ,   2.4974647741146709      ,   14.779872488408383     
   1.4969389104463255E-002 ,   2.5037646479443887      ,   14.764485531381391     
   1.4960626782262489E-002 ,   2.5074698114556058      ,   15.730273918799083     
   1.4978668974034728E-002 ,   2.4956956049928567      ,   14.647029852383895     
   1.4946300103210285E-002 ,   2.5056819569061135      ,   14.720681029836873     
   1.5011528107635366E-002 ,   2.5045568899946473      ,   15.454809055502347     
   1.4995128932935017E-002 ,   2.4974199751782060      ,   16.474646460278297     
   1.5022820954348579E-002 ,   2.4968547623473527      ,   14.912359741453081     
   1.4962721525982488E-002 ,   2.4986363591787284      ,   14.852200546654840     
   1.5015317746900871E-002 ,   2.5025927334987310      ,   13.997589163347431     
   1.4920614340898402E-002 ,   2.5016102694006612      ,   14.854564048218981     
   1.5102841166478250E-002 ,   2.5112494558359364      ,   14.473059404202125     
   1.5033252638219254E-002 ,   2.5009510656928966      ,   15.749838277047107     
   1.4970814947716212E-002 ,   2.5165469916108787      ,   14.328936527234124     
   1.4974802079379766E-002 ,   2.5012423098714476      ,   15.127234998495496     
   1.4917997595744588E-002 ,   2.4877870134322744      ,   15.253753720718334     
   1.4969013378241669E-002 ,   2.4889372402148644      ,   14.636619993328452     
   1.4906941720438922E-002 ,   2.5047383027243719      ,   14.889017899575435     
   1.4852168864498175E-002 ,   2.5010575278894236      ,   15.075028056952378     
   1.4996876260256383E-002 ,   2.5054886388242670      ,   15.081889181043984     
   1.4902403375664867E-002 ,   2.5032101609153887      ,   14.809337934874705     
   1.5010804738978338E-002 ,   2.5031196690453301      ,   15.195552091142837     
   1.4953939853146725E-002 ,   2.4850648364801748      ,   16.226221151903054     
   1.4958401799764504E-002 ,   2.4997144736565362      ,   14.933786702195524     
   1.4979044230093001E-002 ,   2.4931948981836300      ,   14.634755375589997     
   1.5006841846700834E-002 ,   2.5061684302759746      ,   14.064506235537719     
   1.5053061911526104E-002 ,   2.4948030787573092      ,   15.567951671296852     
   1.4991560267272349E-002 ,   2.5088985374478048      ,   14.223833783931925     
   1.4919253184715396E-002 ,   2.4986058222353833      ,   15.161218595067901     
   1.5020292392047167E-002 ,   2.5131081947852092      ,   14.493956337547544     
   1.5054027808711885E-002 ,   2.4898589017801482      ,   15.042847624741411     
   1.4962980767108853E-002 ,   2.5214188980875432      ,   14.907965171418956     
   1.4921352927128194E-002 ,   2.5142977620738796      ,   14.658657813365769     
   1.5073368502673788E-002 ,   2.5091938398882183      ,   15.769822717088255     
   1.5004087540552788E-002 ,   2.5056389159131851      ,   15.790141980883353     
   1.4986306410508880E-002 ,   2.5091874110042749      ,   15.847652593887982     
   1.5048822792978955E-002 ,   2.5109610708964678      ,   14.321445291492147     
   1.4952108027344766E-002 ,   2.5093860679682698      ,   16.081258603645825     
   1.4989184703707274E-002 ,   2.5050122042513006      ,   14.704927232715283     
   1.4963001544922021E-002 ,   2.5130127480810587      ,   15.039321496275178     
   1.4925028297741835E-002 ,   2.5131357144260460      ,   14.509827895075778     
   1.4800182718411766E-002 ,   2.5057674063540549      ,   14.453679270379208     
   1.5033369401706799E-002 ,   2.5010295213324101      ,   14.457969000617069     
   1.5015334340548957E-002 ,   2.4986468561118760      ,   15.005971671584893     
   1.5046098642228341E-002 ,   2.5016884566930333      ,   15.956981167770641     
   1.4885159819015290E-002 ,   2.4803341752011332      ,   14.509860143831071     
   1.4933468574883896E-002 ,   2.5087803802542075      ,   13.970068973621318     
   1.4951914544899478E-002 ,   2.5026805176051221      ,   14.388021249253235     
   1.5005728632701339E-002 ,   2.4974308725402219      ,   15.067340317980522     
   1.4933222938193946E-002 ,   2.5040117536444386      ,   14.435678915485569     
   1.4960130491624049E-002 ,   2.5000790177859891      ,   14.188191719002129     
   1.4996263673561662E-002 ,   2.5045994853837019      ,   14.689762246015569     
   1.4959417728870890E-002 ,   2.4995995250376088      ,   14.238586720892195     
   1.4884433337197035E-002 ,   2.5014025746189272      ,   15.183903195244094     
   1.4936896076741625E-002 ,   2.4962993712716357      ,   15.237698762503264     
   1.5041014011004513E-002 ,   2.5118195139173487      ,   14.342219376633247     
   1.4954002684415142E-002 ,   2.4961080943201392      ,   15.234908066655860     
   1.4988812175285330E-002 ,   2.5112134746938164      ,   14.622143598217406     
   1.4835273876504311E-002 ,   2.5036999260333723      ,   14.924010204239670     
   1.5067617551473738E-002 ,   2.4896066961751235      ,   14.684187241313971     
   1.5002614179490836E-002 ,   2.5070375111263585      ,   15.317642823031251     
   1.4979199401049338E-002 ,   2.4939010720085384      ,   15.626648185212288     
   1.4909653010537597E-002 ,   2.5031756677352570      ,   14.402407314270981     
   1.4981021007463499E-002 ,   2.5102402297195279      ,   15.311622406936047     
   1.5009818663363065E-002 ,   2.5040693638060865      ,   15.678936645665400     
   1.4957472816398143E-002 ,   2.5021945715175984      ,   15.872798280786622     
   1.5019538758825893E-002 ,   2.4914607373919577      ,   14.838414122862163     
   1.5008921309503868E-002 ,   2.5056363648542677      ,   14.894228013239449     
   1.4991955188929373E-002 ,   2.5159395348928331      ,   15.749309159546822     
   1.4984849605817589E-002 ,   2.5079422331950996      ,   15.327340293061837     
   1.5019534445194192E-002 ,   2.4985633373742937      ,   15.514091967416212     
   1.4968897628346915E-002 ,   2.5050834554081263      ,   14.383737166321621     
   1.4936746131902877E-002 ,   2.4901704943342331      ,   15.034250092268966     
   1.5001398983665868E-002 ,   2.5002513246640303      ,   14.574583547324707     
   1.5010661271460928E-002 ,   2.5074283708777041      ,   14.655598089398929     
   1.4910244043324784E-002 ,   2.4906422382726676      ,   15.567334157672621     
   1.5053445165555440E-002 ,   2.5052041736281696      ,   15.383540509348075     
   1.4919642690909479E-002 ,   2.4876436331170848      ,   14.800893297294412     
   1.5018717054397324E-002 ,   2.4914421419350701      ,   15.011917910590165     
   1.5050196519862511E-002 ,   2.5063020629993611      ,   14.936743491369739     
   1.5000622272107888E-002 ,   2.5044912965553836      ,   15.835167825534024     
   1.5056668850168188E-002 ,   2.5030244936324157      ,   13.983493923743060     
   1.4942251511671695E-002 ,   2.4956546663923231      ,   15.291187430500772     
   1.4971606029160277E-002 ,   2.4929462292853319      ,   14.757893964066312     
   1.4896237632224068E-002 ,   2.4912435361801841      ,   15.445618818807031     
   1.4953534913659278E-002 ,   2.5001667131910881      ,   14.958700774343177     
   1.5016432450164438E-002 ,   2.4904443662165683      ,   15.106244474759597     
   1.5076091101359018E-002 ,   2.5059040707232922      ,   15.503626662054140     
   1.4958955811576887E-002 ,   2.4938725947912950      ,   14.914265032161181     
   1.4951278598331185E-002 ,   2.4963612365866226      ,   13.415968887370887     
   1.4966368627132076E-002 ,   2.5061474960117578      ,   14.710062043275110     
   1.4948347962204903E-002 ,   2.4993903894720240      ,   14.437542169210767     
   1.4971086494634901E-002 ,   2.4961703432769577      ,   15.138522224148659     
   1.5026254765563355E-002 ,   2.5078046688176032      ,   15.155513081302672     
   1.4990336891062045E-002 ,   2.5000957074406189      ,   14.611691207871081     
   1.5020030171975497E-002 ,   2.5139084066534196      ,   15.243281210924499     
   1.5032690097940461E-002 ,   2.5006267675346430      ,   15.059120967923988     
   1.4932426959461426E-002 ,   2.4946100804122264      ,   14.444242883971961     
   1.4952227941169920E-002 ,   2.5070797202455024      ,   15.880189565889379     
   1.4832735218646855E-002 ,   2.5039155817580427      ,   15.076552245928950     
   1.5043110904968087E-002 ,   2.4982284244273489      ,   15.051126375529581     
   1.4989181217499564E-002 ,   2.4759608990205346      ,   15.299595016084991     
   1.5060671854230150E-002 ,   2.4960574570513838      ,   15.417790672258963     
   1.4923501371084164E-002 ,   2.4936735238854069      ,   14.850893528017497     
   1.5010660442325739E-002 ,   2.5069524265524064      ,   14.702255011436220     
   1.4967732072415042E-002 ,   2.4897302133483072      ,   15.668624407072329     
   1.5016988004602510E-002 ,   2.5206562488598827      ,   14.465283429717887     
   1.4942224890618191E-002 ,   2.4906030914094290      ,   15.283980461293035     
   1.4957727771804182E-002 ,   2.4947445474470107      ,   15.788323037843577     
   1.5012741981184803E-002 ,   2.5088516809969534      ,   15.418616941189589     
   1.4850864245969243E-002 ,   2.4944056337069105      ,   14.893481925807668     
   1.5029063466935817E-002 ,   2.5170344377596017      ,   15.274685575076600     
   1.4919211250080226E-002 ,   2.5221619030174729      ,   14.498784561295535     
   1.5062187560151756E-002 ,   2.5076950878643114      ,   15.747084033751499     
   1.5013768867453866E-002 ,   2.5280934663297110      ,   15.236052786181656     
   1.4944854634410773E-002 ,   2.5040609814951371      ,   14.596016369469123     
   1.5025163696498407E-002 ,   2.4932337834873906      ,   16.417674991386725     
   1.4939027066347981E-002 ,   2.5155726855845759      ,   14.984507097570557     
   1.5062621969105527E-002 ,   2.5025201961687005      ,   14.846739339317539     
   1.4917569344596277E-002 ,   2.5002763460392305      ,   14.511442211497513     
   1.5009846245468526E-002 ,   2.5100030776279185      ,   15.449513911221274     
   1.4907376103444224E-002 ,   2.5089775084145947      ,   14.924700189329906     
   1.5054615910875617E-002 ,   2.5096613143995010      ,   15.348366894246443     
   1.5079371962380284E-002 ,   2.5133635027972319      ,   14.256724641049319     
   1.4903925832156389E-002 ,   2.4926160818815219      ,   14.501801052181749     
   1.4993703866543981E-002 ,   2.4935935502405910      ,   15.780236793842461     
   1.5067537771050023E-002 ,   2.5039194378877432      ,   15.614211449468508     
   1.4993229927481045E-002 ,   2.5020087542571994      ,   15.307352344882213     
   1.4945053777125947E-002 ,   2.5099234224324873      ,   15.439852095427703     
   1.4959777349214391E-002 ,   2.4978308781734664      ,   14.931323966737750     
   1.4988728946662012E-002 ,   2.4937442753443504      ,   15.636955596436914     
   1.4934169676381680E-002 ,   2.4975454926002305      ,   14.750476192075141     
   1.4938655048077090E-002 ,   2.5105673110134314      ,   14.876871739812707     
   1.4999461527180220E-002 ,   2.4933988870240116      ,   15.728744610099266     
   1.4868938769018332E-002 ,   2.5031713781767975      ,   15.084181294440926     
   1.4938863132110718E-002 ,   2.5124865610767038      ,   15.093775482524149     
   1.4957181037572894E-002 ,   2.5006765555952355      ,   14.839265389981520     
   1.5026146444334127E-002 ,   2.5036540881247809      ,   14.449748007253048     
   1.4985325168943131E-002 ,   2.4905356833364833      ,   15.203899417149030     
   1.4891796114632700E-002 ,   2.4790047741021737      ,   14.056382773619513     
   1.5006442498874718E-002 ,   2.5117011588358267      ,   15.554719922154728     
   1.4894292209912235E-002 ,   2.4965377846230137      ,   14.761500076639885     
   1.4995708611343833E-002 ,   2.4837395035778940      ,   15.255414875502749     
   1.4997557941251629E-002 ,   2.4932645309975041      ,   14.304436702830728     
   1.5036481247019862E-002 ,   2.4904612160889319      ,   15.637999734116820     
   1.4959105349305833E-002 ,   2.5222036461112762      ,   14.884047117402391     
   1.4987633966397020E-002 ,   2.5197871729044410      ,   14.384973060041572     
   1.4933068643699674E-002 ,   2.5055476092228788      ,   15.116831047928825     
   1.5034891238445492E-002 ,   2.4958106497610282      ,   15.770586867236066     
   1.4910762198107259E-002 ,   2.4886352087424637      ,   15.685655725064711     
   1.5016505784396714E-002 ,   2.4956550826454933      ,   15.511867953061939     
   1.4912849569983800E-002 ,   2.4979161175550622      ,   14.963544431965493     
   1.5048042404539049E-002 ,   2.5080962444709223      ,   15.404212387573176     
   1.4918701861865667E-002 ,   2.5123174063494491      ,   14.773955224606153     
   1.4944458406221021E-002 ,   2.5023258960979207      ,   14.458455482321085     
   1.4862637914809450E-002 ,   2.5095023316393279      ,   14.699533079167395     
   1.4955207860428126E-002 ,   2.4982407221072074      ,   14.171019443023415     
   1.4980102201531302E-002 ,   2.5143851521706391      ,   14.468942093618663     
   1.5042868883772393E-002 ,   2.4941176997713463      ,   15.672864315860750     
   1.4914378904652779E-002 ,   2.4893589020028442      ,   15.670410625318835     
   1.5012521058896878E-002 ,   2.5086914596525083      ,   14.844508885670976     
   1.4938647246196261E-002 ,   2.5055363492758058      ,   14.558176662434400     
   1.4988732494857630E-002 ,   2.5067775292199586      ,   14.695246065099063     
   1.4933936298071736E-002 ,   2.4986608517181721      ,   14.409092089039140     
   1.4979468596756489E-002 ,   2.4863516732179791      ,   15.936871033648300     
   1.4923294937794975E-002 ,   2.4922294116150203      ,   14.703994263967099     
   1.4921260868400262E-002 ,   2.5088962731798419      ,   14.976594116283639     
   1.4968206650213081E-002 ,   2.4918513791791881      ,   15.968250914589950     
   1.4974052748208271E-002 ,   2.4717298438865081      ,   15.250044359928985     
   1.4965588384925503E-002 ,   2.4904616563594120      ,   15.545758576653004     
   1.5017964459275697E-002 ,   2.5038403756598329      ,   14.393362085750672     
   1.4925722694682808E-002 ,   2.5104429654343479      ,   14.924516304285721     
   1.5003549865707530E-002 ,   2.4876273849333326      ,   15.299834540394155     
   1.4925500443890780E-002 ,   2.4906506696301403      ,   14.735425861225355     
   1.4955680591456888E-002 ,   2.4947558524824669      ,   14.764207711954986     
   1.4994309546839215E-002 ,   2.4925783319968891      ,   15.003036281594415     
   1.5026780734416845E-002 ,   2.4961117842961631      ,   15.592606481244031     
   1.4981799884236990E-002 ,   2.5025571746376465      ,   14.270332777502775     
   1.4931585784196547E-002 ,   2.4997752891935452      ,   14.303428688101238     
   1.5021887533379390E-002 ,   2.5046778988252383      ,   14.639723759483701     
   1.4903017314640237E-002 ,   2.4997296227828349      ,   14.591374204577235     
   1.4962470480943636E-002 ,   2.5095157948687143      ,   14.558813828629514     
   1.4912428774469851E-002 ,   2.4933152472551683      ,   14.663398342953069     
   1.4933786945495435E-002 ,   2.4933939658365452      ,   15.543677182110470     
   1.4872179271209514E-002 ,   2.4777319201086692      ,   15.007843925267114     
   1.4974568651046226E-002 ,   2.4947048152633808      ,   15.123878346962845     
   1.4972989848936047E-002 ,   2.4947525663172136      ,   15.924916987874479     
   1.4912113222931253E-002 ,   2.5123920857237390      ,   14.993460762608462     
   1.4854807785691197E-002 ,   2.4957568535125016      ,   15.159462404579422     
   1.4913128962938570E-002 ,   2.5084514456148965      ,   14.172470988032954     
   1.4987510854529896E-002 ,   2.5035852996179297      ,   14.918155686250721     
   1.4996777864183105E-002 ,   2.5076270541877235      ,   15.360113126364975     
   1.4957227665090347E-002 ,   2.5103912331375615      ,   14.845372865628411     
   1.5048612674288180E-002 ,   2.5046783566936508      ,   14.962816642925922     
   1.4901375741457603E-002 ,   2.5108756066926103      ,   14.670613432134875     
   1.4959212436444045E-002 ,   2.5023649993250348      ,   14.905910793462555     
   1.5061849101971305E-002 ,   2.5041862556327872      ,   15.521123099431181     
   1.4948559978207283E-002 ,   2.5075112616733928      ,   15.100203079558007     
   1.4992338151590573E-002 ,   2.5072296938059413      ,   15.634077889496091     
   1.4816916800699971E-002 ,   2.5047410282933078      ,   14.685875597168392     
   1.4988635532477559E-002 ,   2.4926483813178404      ,   15.951141027012225     
   1.4942796599622806E-002 ,   2.4958908654406540      ,   16.542742770876163     
   1.4901485277437947E-002 ,   2.4949451251784316      ,   15.352071772400189     
   1.4950297717851280E-002 ,   2.4978086632032075      ,   14.349419031069875     
   1.5050059793831273E-002 ,   2.4902414193793923      ,   15.239299564915079     
   1.4946954582096685E-002 ,   2.5024619183579127      ,   14.661803884204533     
   1.4963164118158108E-002 ,   2.4938664207543173      ,   15.267355947957155     
   1.4978496067064360E-002 ,   2.4997254897588115      ,   15.803720026015272     
   1.4931313749036560E-002 ,   2.4941666839090662      ,   14.807962196274566     
   1.4985369233472896E-002 ,   2.4901263465569112      ,   15.098147420157595     
   1.5012197036947460E-002 ,   2.4894334318247955      ,   16.012512645420383     
   1.4981326664955615E-002 ,   2.4919814970743825      ,   16.682141112899807     
   1.4945171168150230E-002 ,   2.4993740135283753      ,   14.736940876985035     
   1.5047060422292365E-002 ,   2.4912939804602141      ,   15.728303411997036     
   1.4977482922451062E-002 ,   2.5071627837746226      ,   14.497754098601966     
   1.5031714459950062E-002 ,   2.5183983816825566      ,   14.660816063920871     
   1.5035980402533186E-002 ,   2.5072788107222168      ,   14.679792339715600     
   1.5074545377853512E-002 ,   2.4975394911826694      ,   15.490592977856192     
   1.4901325748451360E-002 ,   2.4989256687706192      ,   14.533748513659670     
   1.5012979597719458E-002 ,   2.4966263584245811      ,   15.493883280789690     
   1.4985330071088602E-002 ,   2.5069799231889514      ,   14.539896284709723     
   1.4938244283356404E-002 ,   2.5051885905498690      ,   14.411073896233891     
   1.5005628050389932E-002 ,   2.5075489297997691      ,   14.673326951411200     
   1.5019625427069687E-002 ,   2.4999683199531368      ,   15.151066440643270     
   1.5042934035921404E-002 ,   2.5001004485104299      ,   15.392041158473249     
   1.4962492699899979E-002 ,   2.5134253244568754      ,   15.993885220176004     
   1.5023097560314046E-002 ,   2.4892956959275816      ,   14.947896291600506     
   1.4987104324990640E-002 ,   2.4966756133951273      ,   15.286148484517485     
   1.5008851097883249E-002 ,   2.4988820220018644      ,   15.234317734914702     
   1.4930565058370324E-002 ,   2.5148999193433683      ,   14.898563783069489     
   1.4978226972982256E-002 ,   2.5026980131731840      ,   14.772469536728982     
   1.5095883072305806E-002 ,   2.4899828549170686      ,   15.538503528187890     
   1.4976723386791650E-002 ,   2.5069710865959594      ,   14.991670096193564     
   1.4976436003523283E-002 ,   2.5081882011731875      ,   14.830800807221509     
   1.5096045346474518E-002 ,   2.5049544530507446      ,   15.527951874908181     
   1.5099055768185538E-002 ,   2.5083887273293248      ,   16.005368339211760     
   1.4989344048902694E-002 ,   2.4997111956159253      ,   15.272016185255472     
   1.4986306956932458E-002 ,   2.4940344836864186      ,   15.598597847128243     
   1.4882528949795077E-002 ,   2.4774451648086355      ,   14.701310181387223     
   1.5057183318188011E-002 ,   2.4953880308814962      ,   15.571637252905285     
   1.4897155837408435E-002 ,   2.5134052032758532      ,   14.390475211673447     
   1.5088058805001315E-002 ,   2.5118291714188632      ,   16.817925144741924     
   1.5047125288265645E-002 ,   2.4914145502300422      ,   16.127844088332932     
   1.4951962668578664E-002 ,   2.5029803746573371      ,   16.015406880136076     
   1.4939044079014103E-002 ,   2.5161763618859605      ,   14.392908221490266     
   1.4935135608914877E-002 ,   2.4895205765034496      ,   15.649953960567288     
   1.4990544811513290E-002 ,   2.5218645632798298      ,   14.982096680184499     
   1.4986372031946979E-002 ,   2.5182192886712893      ,   14.404402763990635     
   1.5013620402527956E-002 ,   2.4966381663515520      ,   15.001104885042286     
   1.4919786789559157E-002 ,   2.4889416582680544      ,   15.499201018499409     
   1.4972504784239128E-002 ,   2.5056965379358123      ,   14.825118817186510     
   1.5127994551137071E-002 ,   2.5169050847491317      ,   15.989984581668210     
   1.4925261469427147E-002 ,   2.4998105218959155      ,   15.595824353186709     
   1.4984951602599581E-002 ,   2.5035069025871546      ,   14.270254031818750     
   1.4866082708298804E-002 ,   2.5024475356599445      ,   14.562193452228634     
   1.4978593449282417E-002 ,   2.4998746855749441      ,   14.908695664107002     
   1.4959136446108417E-002 ,   2.5034869793867389      ,   15.837431950854446     
   1.4875651931381245E-002 ,   2.4910621706495530      ,   16.219269027104946     
   1.5022613001373733E-002 ,   2.5246385851147091      ,   13.995463420199810     
   1.4959129389573330E-002 ,   2.4959440860846818      ,   14.166386978470666     
   1.5068670347400686E-002 ,   2.5162773305771329      ,   14.907150412486375     
   1.4972881116461121E-002 ,   2.4949833796401135      ,   14.719023616834299     
   1.5025050031545037E-002 ,   2.4969413724012255      ,   15.619831393569607     
   1.5002311696613700E-002 ,   2.5005519121715314      ,   14.782719481328741     
   1.4923496547226182E-002 ,   2.4800582460694276      ,   14.984351347254439     
   1.5049345258441245E-002 ,   2.5183950637425991      ,   14.598229002540066     
   1.5079598590186736E-002 ,   2.4970508738056116      ,   15.418879386143711     
   1.4981099889116601E-002 ,   2.4936464825251301      ,   14.833312975877336     
   1.4951260032241473E-002 ,   2.5125794456532851      ,   14.874004215195919     
   1.4850430547364046E-002 ,   2.5005843497755018      ,   14.596334731367955     
   1.4982287917512969E-002 ,   2.4896652110347532      ,   15.237006069652050     
   1.4989137805546145E-002 ,   2.4938394966701658      ,   14.959597290805542     
   1.4878448236549970E-002 ,   2.4919828690743251      ,   14.598203511188219     
   1.4931239445503092E-002 ,   2.4956761670172738      ,   15.368031411100839     
   1.4991264190207127E-002 ,   2.5017763816987495      ,   15.651731568485106     
   1.4937985106508267E-002 ,   2.4909626069753998      ,   15.726671417818466     
   1.4979665256840208E-002 ,   2.5008518034392186      ,   14.671205879364578     
   1.4998980686160891E-002 ,   2.4871936683259359      ,   14.601236329518468     
   1.4974967730847145E-002 ,   2.4916226282698046      ,   15.012901909175586     
   1.4919461808067018E-002 ,   2.5006952525265378      ,   14.963660365199205     
   1.4959235654417074E-002 ,   2.4958103388490036      ,   15.171982538077607     
   1.4926232416366985E-002 ,   2.4996438484472110      ,   14.761708113782799     
   1.4822109353007124E-002 ,   2.5074541391919674      ,   14.122000075610099     
   1.4898442035309526E-002 ,   2.5028020759077472      ,   14.674915830346846     
   1.4963037591656276E-002 ,   2.5055024776027914      ,   14.947367261266784     
   1.5033289188101309E-002 ,   2.4975054966056009      ,   14.952981398109916     
   1.4973803548653302E-002 ,   2.5026968964965643      ,   15.369430032667422     
   1.4901632631245384E-002 ,   2.4853260215747164      ,   15.248388348259756     
   1.4911713575310187E-002 ,   2.4885429459610462      ,   14.895377124665792     
   1.5021786474933645E-002 ,   2.5174532847078228      ,   14.787254390729093     
   1.4981355279385109E-002 ,   2.4970783346283967      ,   14.672523126279041     
   1.4960358724554446E-002 ,   2.5035195048548946      ,   15.352523646485031     
   1.4897902726695200E-002 ,   2.5108869061406169      ,   14.310475678028819     
   1.4983167958085233E-002 ,   2.5019244392592537      ,   15.890201545210724     
   1.4921121393197800E-002 ,   2.4937695227488268      ,   16.198207733197233     
   1.4972623542834880E-002 ,   2.4901235978319582      ,   14.879261385622758     
   1.4959667086826818E-002 ,   2.5048787550268008      ,   14.996841247557331     
   1.4973176636139314E-002 ,   2.4991718194144963      ,   15.388140516078286     
   1.4921057515749883E-002 ,   2.5070683235473075      ,   14.831575280768982     
   1.4918466018683544E-002 ,   2.4962512207469225      ,   14.699539367681639     
   1.4931509396889781E-002 ,   2.5037843652988161      ,   14.352362253399697     
   1.4997771129206907E-002 ,   2.5198566158467655      ,   15.302420700741099     
   1.5000051937990396E-002 ,   2.4998852676483003      ,   15.318376966567810     
   1.4939125432033701E-002 ,   2.4828301598608200      ,   14.390352504172993     
   1.5007150452043216E-002 ,   2.4976761863259851      ,   15.420061530904331     
   1.4908634110808594E-002 ,   2.4871670872601799      ,   14.400172453095992     
   1.5000771672728581E-002 ,   2.5045430451155908      ,   14.471753256273075     
   1.4976628036994379E-002 ,   2.4951465956178658      ,   14.959047834616131     
   1.5012311805379258E-002 ,   2.4986941167899759      ,   14.926447841750065     
   1.4969102083042854E-002 ,   2.5025648222493717      ,   14.760657722466373     
   1.5049943207192284E-002 ,   2.5248322905540510      ,   15.497649597040514     
   1.4995493125161146E-002 ,   2.5030437426659136      ,   15.138734342774963     
   1.4941682199818859E-002 ,   2.5012537736574787      ,   14.764604067311538     
   1.4937416290822028E-002 ,   2.5042532486163469      ,   14.468918739875184     
   1.5000445993879034E-002 ,   2.4877485415473468      ,   14.608101710176845     
   1.5059524735727565E-002 ,   2.5001508522139866      ,   15.651076520123281     
   1.4948499779499237E-002 ,   2.5115229622617488      ,   14.271361176009094     
   1.4978663924944506E-002 ,   2.5035461321342058      ,   15.467795502784673     
   1.4932899794468532E-002 ,   2.5018935068612849      ,   15.973600443764958     
   1.4929363858133770E-002 ,   2.4993699313413349      ,   15.296758534259148     
   1.5019891869946537E-002 ,   2.5085006545038295      ,   15.310016573004319     
   1.4928425207748343E-002 ,   2.4920486821159908      ,   14.823407155019920     
   1.5024921779173302E-002 ,   2.5195213994850851      ,   14.810566150358694     
   1.4932156036370842E-002 ,   2.5037436210653348      ,   16.245160139679800     
   1.4956193744991079E-002 ,   2.5050779111445007      ,   14.027406322355709     
   1.4983463438745129E-002 ,   2.4974075809097713      ,   15.018983264229874     
   1.4915177312644643E-002 ,   2.4869356107781879      ,   14.668796287708162     
   1.4978730364290914E-002 ,   2.5140862173950072      ,   14.503743381552953     
   1.4805236400644801E-002 ,   2.4866389565832558      ,   14.583228154189159     
   1.4995473495153122E-002 ,   2.4922033626950619      ,   15.299025793879197     
   1.5023687621327379E-002 ,   2.5076902594282129      ,   14.872073993951579     
   1.5012028864205900E-002 ,   2.4804882213339980      ,   15.792606925062387     
   1.4963042318836181E-002 ,   2.5096553291378716      ,   14.214832486514400     
   1.4891295722022356E-002 ,   2.4732396071842087      ,   14.292604621259956     
   1.4935521649692179E-002 ,   2.4959292083074534      ,   15.115441117776081     
   1.4953697478179361E-002 ,   2.4952932792687363      ,   14.118160715335915     
   1.4990555280171710E-002 ,   2.4998841343208063      ,   15.038358267322023     
   1.4943672208232266E-002 ,   2.4921743507445626      ,   14.570675655563415     
   1.5011939962087556E-002 ,   2.4961794123533170      ,   15.800290564344358     
   1.4919606324582944E-002 ,   2.4989582699421642      ,   15.112335193174028     
   1.5000489406139413E-002 ,   2.4964709178766182      ,   14.329971092472348     
   1.4928621713523729E-002 ,   2.4925174491984246      ,   15.151691406000127     
   1.4971620908240951E-002 ,   2.4970266103733971      ,   14.761929224759770     
   1.5069076138481956E-002 ,   2.4961750441657160      ,   15.282601370343800     
   1.4976923223190714E-002 ,   2.4990562017430684      ,   15.485036961280537     
   1.4947691965090016E-002 ,   2.5102916751584812      ,   15.223085261040355     
   1.4968109501775934E-002 ,   2.5017542394016878      ,   14.288749886582416     
   1.4945113983094935E-002 ,   2.5011506048981293      ,   14.728914050984288     
   1.5007451684106386E-002 ,   2.5004264257429409      ,   15.121034714289509     
   1.4910368912139163E-002 ,   2.5075264840942650      ,   14.395050240401504     
   1.5028217451034415E-002 ,   2.5047037392726064      ,   15.176088343421421     
   1.5032254641564616E-002 ,   2.4967680615973142      ,   16.127730730988606     
   1.4985808673341598E-002 ,   2.5008587443860146      ,   14.927209620707872     
   1.4955182854005621E-002 ,   2.5140373089311412      ,   14.733293794835141     
   1.4893020302130668E-002 ,   2.4943924843282215      ,   15.121979104646449     
   1.5011711849815580E-002 ,   2.5026481247866381      ,   15.017502029826087     
   1.4946683206326986E-002 ,   2.4906912768081280      ,   14.648300262449839     
   1.4882432558651485E-002 ,   2.5093189560414189      ,   13.815489992298255     
   1.4975710625758943E-002 ,   2.5127993533107307      ,   14.922266080872784     
   1.4951498183811673E-002 ,   2.5000759014374729      ,   15.045198967049620     
   1.4918603539497968E-002 ,   2.4951444045232782      ,   14.726047414976168     
   1.4957044285938892E-002 ,   2.5067106252888780      ,   14.930018840159981     
   1.4920820625472666E-002 ,   2.4928887335873586      ,   15.287649729092330     
   1.5008222440351340E-002 ,   2.5106377521079746      ,   14.743086425020296     
   1.4916208863559410E-002 ,   2.4985041205538332      ,   15.339727039211198     
   1.4899583222924626E-002 ,   2.4949549835600076      ,   13.427628817409754     
   1.4922777814321738E-002 ,   2.5001059571078708      ,   14.393662658884443     
   1.4985378101269976E-002 ,   2.5118492202606655      ,   15.202829946666249     
   1.4918737626700962E-002 ,   2.5069410869888200      ,   15.185894869083100     
   1.5010400410378891E-002 ,   2.4978965582004933      ,   14.890229836472257     
   1.4951788342288479E-002 ,   2.5112941912413982      ,   14.418548760855543     
   1.4959944518592944E-002 ,   2.4885647349971154      ,   14.940202341195072     
   1.4951301033170196E-002 ,   2.5001923130644168      ,   15.222859580188215     
   1.4946043831864006E-002 ,   2.4993434675447515      ,   15.767658296895302     
   1.5014507605061738E-002 ,   2.5049976967532053      ,   15.420528910880366     
   1.4968129276470921E-002 ,   2.4809879472947411      ,   14.935108837751221     
   1.4945933897157811E-002 ,   2.4993188353041829      ,   14.360579867073945     
   1.5053258029039790E-002 ,   2.4967368098397729      ,   15.381775744160802     
   1.4896973459538951E-002 ,   2.4877630096245595      ,   14.463199517944705     
   1.5029225037110223E-002 ,   2.5022394521132263      ,   14.840275105385784     
   1.5031917281926564E-002 ,   2.4797489217057769      ,   16.467174659985290     
   1.4979055149192321E-002 ,   2.5027354517829674      ,   14.987372431730737     
   1.5009476294165488E-002 ,   2.4880433346494502      ,   14.877808274392422     
   1.4894971894818301E-002 ,   2.5052982126828547      ,   14.475306779921715     
   1.4997421432040383E-002 ,   2.4970350632733260      ,   15.019347892608659     
   1.5017841979614418E-002 ,   2.5141665292422455      ,   15.489167343709223     
   1.4926359099222093E-002 ,   2.4986739885810798      ,   14.686350116928651     
   1.4949810213236540E-002 ,   2.5046348740916007      ,   14.367218545516266     
   1.4994667182781815E-002 ,   2.5034724011917300      ,   15.002325754465774     
   1.4986155134293674E-002 ,   2.4792552322093409      ,   16.379227476580084     
   1.4943242274853776E-002 ,   2.5124456994699291      ,   14.031529045125515     
   1.4896336882861546E-002 ,   2.5164872240036824      ,   14.439272111818756     
   1.5013671767543061E-002 ,   2.4955923113962166      ,   14.834207930393454     
   1.4883660852044869E-002 ,   2.4816884586066714      ,   14.445900609167685     
   1.4899714047596845E-002 ,   2.4922217339234098      ,   14.772567631988938     
   1.4983125447078013E-002 ,   2.4973484435371569      ,   16.311707283552359     
   1.4966924400471718E-002 ,   2.5079053034674952      ,   15.172465021118358     
   1.5015971605114727E-002 ,   2.4974214332954512      ,   14.931066467558560     
   1.5072193324044723E-002 ,   2.4999671099865819      ,   15.105351749395757     
   1.4968378011584111E-002 ,   2.4844745736785843      ,   14.951207329430783     
   1.4986242399007962E-002 ,   2.5182170958078891      ,   14.751013029169901     
   1.4943425069765651E-002 ,   2.5102290290350160      ,   13.972737856867951     
   1.5109086392320512E-002 ,   2.4914799574343167      ,   16.352573145742152     
   1.5059922833051813E-002 ,   2.5054474925609438      ,   15.684129916872934     
   1.4946991884818735E-002 ,   2.4963198582516122      ,   15.008754120020049     
   1.4903835218579868E-002 ,   2.5041587152176672      ,   15.218361662642495     
   1.5025286203730016E-002 ,   2.4970281397991005      ,   15.374536916669030     
   1.4959058593887268E-002 ,   2.5157168225087534      ,   14.353479658592052     
   1.4957227725342127E-002 ,   2.5187612030144391      ,   14.363755259432512     
   1.4845626928758760E-002 ,   2.4859631312295551      ,   13.996376302842780     
   1.5077996403410105E-002 ,   2.4987820936157572      ,   14.507741163372854     
   1.4935540922322528E-002 ,   2.4980713859889105      ,   15.152721653952577     
   1.4963142611015940E-002 ,   2.5009306082419731      ,   14.599895335068371     
   1.4903576247106823E-002 ,   2.5094854333776828      ,   14.593064914357276     
   1.4955673156231296E-002 ,   2.5015159447372302      ,   14.581934415861335     
   1.4959266758050722E-002 ,   2.5061464245918494      ,   13.825603748134091     
   1.4941085378037179E-002 ,   2.4944357904991814      ,   14.299111215142883     
   1.4935343557912891E-002 ,   2.5045964551627087      ,   14.241532005074628     
   1.5039451665485815E-002 ,   2.5139979459559343      ,   14.947162734732881     
   1.5018642356895658E-002 ,   2.5111304476441774      ,   15.576516207125930     
   1.5001062309600665E-002 ,   2.5112710720086295      ,   14.734642808437043     
   1.4902321705868818E-002 ,   2.5022575544995505      ,   15.121684743847768     
   1.4956485161004184E-002 ,   2.5011080761983830      ,   15.471418381006286     
   1.4927928412588776E-002 ,   2.5030120785887098      ,   14.746752371410720     
   1.5050127663410375E-002 ,   2.5060594771673648      ,   15.052656201074093     
   1.5008998570201012E-002 ,   2.4856194809133756      ,   15.856010831053188     
   1.5009801513318606E-002 ,   2.5099305944870998      ,   15.435706648132790     
   1.4910544391865789E-002 ,   2.5053214013262353      ,   15.964477575837547     
   1.4988860061693818E-002 ,   2.5057304506526115      ,   15.199480191531531     
   1.4951337186459674E-002 ,   2.5158266344457565      ,   14.587771761876835     
   1.4906773650688356E-002 ,   2.4913805932202124      ,   14.160168073937157     
   1.4948035996771677E-002 ,   2.5100482694034496      ,   14.752169222144271     
   1.4918335374908989E-002 ,   2.5016307834426637      ,   14.408025568599390     
   1.5008055302807939E-002 ,   2.5071916899602718      ,   14.723977988770294     
   1.4966626164655866E-002 ,   2.5049328335347845      ,   14.491905772450346     
   1.4997386445620679E-002 ,   2.4942541671503151      ,   16.285385692945766     
   1.5024746483536192E-002 ,   2.5159117330818366      ,   14.531326935908476     
   1.5128705208774896E-002 ,   2.5177302531790380      ,   15.427927379952861     
   1.5134218580555343E-002 ,   2.5090998519467735      ,   15.336442318627173     
   1.4985313533215451E-002 ,   2.5068470233212286      ,   14.213947153296443     
   1.4941056695545794E-002 ,   2.5150657390172100      ,   15.212875700823929     
   1.5009673809069327E-002 ,   2.5092008161929114      ,   14.678148615613967     
   1.4992790383330951E-002 ,   2.5044680398247401      ,   14.804087555891968     
   1.4897040725353007E-002 ,   2.5112306271808440      ,   15.114378709763578     
   1.4948973708331363E-002 ,   2.4982158749710162      ,   14.728900164023608     
   1.4981677746540582E-002 ,   2.4987220703142690      ,   14.333201335722800     
   1.5000676314202224E-002 ,   2.5138507076871801      ,   15.047725241474019     
   1.5032871929684945E-002 ,   2.5056709173903968      ,   16.238086103108319     
   1.5075883488721884E-002 ,   2.4956425178644444      ,   14.951429973453903     
   1.5081668969527952E-002 ,   2.4901433169894536      ,   15.402325654889374     
   1.4993116553786642E-002 ,   2.5031558923573547      ,   15.201831892474441     
   1.5026543690233873E-002 ,   2.5113210460744910      ,   15.842302752335215     
   1.5004359427739354E-002 ,   2.5075347113441597      ,   14.938513565391379     
   1.4951136236854651E-002 ,   2.5017209590743716      ,   15.265101205696910     
   1.4966085683830396E-002 ,   2.5149827837084913      ,   14.819022699386046     
   1.4992005596968347E-002 ,   2.4897923893703378      ,   15.435575852697001     
   1.4937235386928576E-002 ,   2.4923096128589415      ,   14.800107409652702     
   1.4869987025617428E-002 ,   2.4978833561314810      ,   14.447230475487943     
   1.4974802603477635E-002 ,   2.5003768687081980      ,   14.927345097896334     
   1.4891432360408654E-002 ,   2.4907347259117936      ,   15.374320949605639     
   1.5040622652190864E-002 ,   2.5049786996260601      ,   14.767670990824099     
   1.4919766957882439E-002 ,   2.5017548740599955      ,   15.034952097681307     
   1.5015957182111643E-002 ,   2.5023158433919943      ,   15.671152582214924     
   1.4900225374861546E-002 ,   2.4973602116695015      ,   14.478737430123674     
   1.4895377138048692E-002 ,   2.5025451843869089      ,   15.141267839260703     
   1.4882328009773934E-002 ,   2.4931195410439129      ,   14.417904481998113     
   1.4983319436651456E-002 ,   2.5009694314287483      ,   15.474756134652104     
   1.4949621762899922E-002 ,   2.5012539626219916      ,   15.302910721549791     
   1.4945929258052059E-002 ,   2.5088275735962839      ,   15.421575228476941     
   1.4979559863792196E-002 ,   2.4997125121280472      ,   14.914780448597439     
   1.4920138063838049E-002 ,   2.4961420913844505      ,   14.553404604884060     
   1.4965551020503459E-002 ,   2.5086650105572614      ,   15.331089865393201     
   1.5065955308731784E-002 ,   2.5076790935313200      ,   14.751690906334680     
   1.5019946991220563E-002 ,   2.5112485774063367      ,   15.269380425587215     
   1.4907283965782444E-002 ,   2.5136501427499938      ,   14.677132231910850     
   1.4994823490451096E-002 ,   2.4976024018070371      ,   13.954493910874332     
   1.4905110320708704E-002 ,   2.5107341304229198      ,   14.977606678640120     
   1.4905531189411372E-002 ,   2.5018205009947740      ,   14.110291261937853     
   1.4904475531641726E-002 ,   2.4992632002454482      ,   14.357552294180465     
   1.4994449585578200E-002 ,   2.5019001852309217      ,   15.618592736088729     
   1.4927544021400741E-002 ,   2.5099435450647403      ,   14.865902479803671     
   1.4993666401239402E-002 ,   2.5064824272789497      ,   14.722413200951758     
   1.4970039838171072E-002 ,   2.5003993353760920      ,   15.263498291636127     
   1.4916501561039203E-002 ,   2.4969095178545988      ,   15.022586949330806     
   1.4993545745434806E-002 ,   2.4981133757280256      ,   14.893363716794598     
   1.4949621571717692E-002 ,   2.4975502827687159      ,   15.145712572684459     
   1.4983465109022319E-002 ,   2.4888842990136446      ,   15.363315121335196     
   1.5036028476990983E-002 ,   2.4973660146003485      ,   15.682294410714325     
   1.5039133316261249E-002 ,   2.5131731322046633      ,   14.690759457274130     
   1.5012096513685215E-002 ,   2.4811530972540830      ,   15.037367500036291     
   1.4916126894103068E-002 ,   2.4955593198349004      ,   15.581138688065808     
   1.4977590552043828E-002 ,   2.5158479427654523      ,   14.565132959100781     
   1.4954167231814980E-002 ,   2.5003355811982186      ,   15.226535438347685     
   1.4997358190660436E-002 ,   2.5266700162793572      ,   14.260376739035884     
   1.5008061671652148E-002 ,   2.5106752427775385      ,   16.530899718605916     
   1.4908673777428501E-002 ,   2.5126758633084054      ,   13.725988489317642     
   1.4972004880700971E-002 ,   2.4965931442063138      ,   14.234889025096724     
   1.5031342343942513E-002 ,   2.5029843224247106      ,   15.661661061599123     
   1.4987601941775638E-002 ,   2.5110830831224757      ,   14.873352484750773     
   1.4950087768485752E-002 ,   2.4917297704031967      ,   14.115621095306912     
   1.4907162727731724E-002 ,   2.4986782023811553      ,   14.665280599117111     
   1.4971395684418179E-002 ,   2.4934918479614998      ,   14.695330328850620     
   1.4943985392170747E-002 ,   2.5160188140066526      ,   15.483900738818351     
   1.4973471641957102E-002 ,   2.5030353110299308      ,   14.816026907445039     
   1.5001260678126615E-002 ,   2.4949120070339927      ,   15.977930160358760     
   1.4981546620882526E-002 ,   2.4961395309765120      ,   15.143170832970540     
   1.4946658858891487E-002 ,   2.5053941286811772      ,   15.097766050438420     
   1.4864260479424865E-002 ,   2.5045053006494959      ,   14.502097222223478     
   1.5115954498639178E-002 ,   2.5118354441764934      ,   16.166551482058498     
   1.4972102231685162E-002 ,   2.4906602551014441      ,   14.862445245927184     
   1.4974902850836372E-002 ,   2.5025368151748446      ,   15.286452270695809     
   1.5035519125739293E-002 ,   2.5086831055380499      ,   15.164801098765730     
   1.4910164265239839E-002 ,   2.5053212209069828      ,   13.977864207662591     
   1.4975878011159483E-002 ,   2.4878673958718416      ,   14.668609661146382     
   1.4982309530466149E-002 ,   2.5050094497770665      ,   15.252864483696062     
   1.4895983121226974E-002 ,   2.5006181382796666      ,   15.273227401872397     
   1.5037800217084332E-002 ,   2.5009545415849170      ,   14.268778108677104     
   1.4976419604563340E-002 ,   2.4958563218845113      ,   15.390830909924899     
   1.5067351227674211E-002 ,   2.5152307944889269      ,   15.008453791858152     
   1.5038521913504620E-002 ,   2.5013468864633088      ,   14.361596974797521     
   1.4957139202225283E-002 ,   2.5110260330862468      ,   14.728607632285321     
   1.5113248116792872E-002 ,   2.4998464293377860      ,   15.450429191344620     
   1.4967655679240738E-002 ,   2.4873029328373004      ,   15.289882685797547     
   1.5043101901190329E-002 ,   2.4986426863949771      ,   14.879715718551546     
   1.5091286788035875E-002 ,   2.5019103025143403      ,   15.007909458182143     
   1.4962644446656266E-002 ,   2.4835053406956868      ,   14.756776478811990     
   1.4971812317483629E-002 ,   2.4995550518253338      ,   15.314916546433164     
   1.4958299162960419E-002 ,   2.5038496972794833      ,   15.123527709243639     
   1.4984622856083332E-002 ,   2.4895810132804024      ,   14.473609369751678     
   1.4886970455373830E-002 ,   2.4909203811789320      ,   16.056951167237109     
   1.4971207679665328E-002 ,   2.4937320209252363      ,   15.568519906057073     
   1.5038175667804379E-002 ,   2.4977656238915706      ,   15.704283906558929     
   1.5068745621929329E-002 ,   2.5041349599263367      ,   15.358450516041163     
   1.4975905086054710E-002 ,   2.5144324245902334      ,   14.234037424377297     
   1.5031454179606106E-002 ,   2.5044138737135220      ,   14.872424941657778     
   1.5056459580121997E-002 ,   2.5052102596634405      ,   14.554708712416195     
   1.5056877704609128E-002 ,   2.5241261623550293      ,   15.592973405822525     
   1.5092167617087494E-002 ,   2.5106969444724800      ,   14.929202883666262     
   1.5047597517078889E-002 ,   2.4932739123352010      ,   15.526250253412018     
   1.4964384159349127E-002 ,   2.5016896614084958      ,   14.453835725264726     
   1.4970227775921288E-002 ,   2.5022976504953363      ,   14.463962958190328     
   1.4890708967349280E-002 ,   2.4955161495694123      ,   14.722405626010923     
   1.4966908621182202E-002 ,   2.5118839168674443      ,   15.283632670199324     
   1.4944806660480288E-002 ,   2.4830484170977329      ,   15.769719180116365     
   1.4939532336712887E-002 ,   2.4948526536528113      ,   15.177610001387277     
   1.4991149876160088E-002 ,   2.4818045644418145      ,   15.939917253220452     
   1.5038509632877901E-002 ,   2.5002040936746379      ,   15.209368415621368     
   1.4914174640743417E-002 ,   2.4994347095626823      ,   15.060195085373589     
   1.4918631331037763E-002 ,   2.5076242050157331      ,   14.785071437655683     
   1.5033727051930252E-002 ,   2.5004244458312295      ,   15.155286977903270     
   1.4997463702365070E-002 ,   2.5183609169242884      ,   14.659636639662391     
   1.4911426622136820E-002 ,   2.5031937286221946      ,   14.524061768167988     
   1.4968751143401083E-002 ,   2.4996792423560046      ,   14.525331540220565     
   1.4952560544647159E-002 ,   2.5082135256430660      ,   14.398510697169502     
   1.5012503010250757E-002 ,   2.5086525716422234      ,   13.918258903257918     
   1.5022453080444916E-002 ,   2.5177165567309929      ,   13.744013413644756     
   1.4892738246866434E-002 ,   2.5173384964990735      ,   15.280579638219475     
   1.4970187552890635E-002 ,   2.4965261384528956      ,   14.841155364058615     
   1.4829254176562872E-002 ,   2.4864677605316841      ,   16.048596928759281     
   1.4929627624039696E-002 ,   2.5094095305116992      ,   15.813920593288058     
   1.4951790844425711E-002 ,   2.4978703343459654      ,   15.464758237717662     
   1.5008773109515117E-002 ,   2.5146336837708856      ,   14.795873716102655     
   1.5000171868483779E-002 ,   2.5169264058976322      ,   14.218962874751243     
   1.5006354563166794E-002 ,   2.5000825223102439      ,   15.822397774140658     
   1.4923949662164896E-002 ,   2.5022367225640085      ,   14.778368930546096     
   1.5035784478972032E-002 ,   2.5092814996376678      ,   14.628944110557690     
   1.5031066214876362E-002 ,   2.5058495489768444      ,   15.984535315255377     
   1.4931559942427260E-002 ,   2.4926795705237978      ,   15.613241498776885     
   1.4982212761169112E-002 ,   2.5124779968336428      ,   14.572391553861012     
   1.4907683570638238E-002 ,   2.4863828376116688      ,   15.302760008201474     
   1.4881056658125022E-002 ,   2.4825770994916629      ,   14.646957797975872     
   1.5016625015028713E-002 ,   2.4975532819973196      ,   16.833040881220331     
   1.5040414499338791E-002 ,   2.5037309631653137      ,   16.210045397155572     
   1.4946209374819299E-002 ,   2.4988481925420394      ,   14.552017324326236     
   1.4929978880455321E-002 ,   2.5146540199251648      ,   13.997758914720608     
   1.5102917634071057E-002 ,   2.5008654963903449      ,   15.931208415188411     
   1.4877374255473049E-002 ,   2.4913232991054048      ,   15.632354664664879     
   1.4991601498124882E-002 ,   2.5014139157472055      ,   14.817002860147037     
   1.4978740575045542E-002 ,   2.4892091879647631      ,   15.193643720252666     
   1.4996397009643886E-002 ,   2.4859565298234174      ,   15.538252297541716     
   1.4877280292115224E-002 ,   2.4718117561850566      ,   15.906819758281792     
   1.5007751823946210E-002 ,   2.5015513790394137      ,   15.228351099888361     
   1.4944418304700677E-002 ,   2.5130368659140516      ,   14.623148862385770     
   1.4984701004929171E-002 ,   2.5139375386928289      ,   14.869479278601927     
   1.4892307753076373E-002 ,   2.5034172768448455      ,   14.934417237994017     
   1.4951704422581886E-002 ,   2.4988692009522624      ,   15.803874051289373     
   1.4905180369583486E-002 ,   2.5121390396615331      ,   14.876872036486301     
   1.4918098585728205E-002 ,   2.4947527689617441      ,   15.739708910253983     
   1.4946929530652122E-002 ,   2.4847757129378079      ,   14.776018291183206     
   1.4955047414330222E-002 ,   2.4850833894393936      ,   16.357287097072010     
   1.4937271481706272E-002 ,   2.5028682039163130      ,   14.235136928511823     
   1.4887560646438322E-002 ,   2.5000157346846335      ,   15.068580377638900     
   1.4972537073161889E-002 ,   2.5005623936092269      ,   15.138708745424974     
   1.5059221104423587E-002 ,   2.4963727583580808      ,   15.247604977036252     
   1.4915485869241910E-002 ,   2.5073929882957557      ,   14.339302919298870     
   1.4959897421011212E-002 ,   2.4860738301109970      ,   15.546153788701208     
   1.4929110339915815E-002 ,   2.5096151325728329      ,   14.317169860184142     
   1.5035941627702909E-002 ,   2.5091984436428931      ,   16.414146731811645     
   1.4968520346538419E-002 ,   2.5053734492007584      ,   15.015798079853829     
   1.5013888709587704E-002 ,   2.5002934383306870      ,   15.296560969980174     
   1.4947652491608522E-002 ,   2.4748893631320885      ,   16.787714418873996     
   1.4915484373165096E-002 ,   2.5032100604073326      ,   15.178168391470043     
   1.5021526549608314E-002 ,   2.4992766612909079      ,   15.365550230222533     
   1.5104689896189046E-002 ,   2.5004915808614316      ,   16.067157455924690     
   1.5089977211541327E-002 ,   2.4881478353993827      ,   15.753108906331461     
   1.4911366830205094E-002 ,   2.5045388582066268      ,   15.111553738374671     
   1.4961605392638485E-002 ,   2.4915532317543874      ,   15.358505065882126     
   1.5041763550953852E-002 ,   2.5314098429451999      ,   14.739369729709768     
   1.4999283594187035E-002 ,   2.5100701823883940      ,   15.381720785348580     
   1.5031568066129623E-002 ,   2.4999977741238819      ,   15.606787197526023     
   1.4959348893007570E-002 ,   2.4891194376930965      ,   15.700835456292436     
   1.4893116904492866E-002 ,   2.5172814819954028      ,   14.094208923650458     
   1.5029302587371262E-002 ,   2.4954510278652138      ,   15.783649642749614     
   1.4955866003119590E-002 ,   2.5189529558470123      ,   14.926544401762110     
   1.4928812340066020E-002 ,   2.4878554298817823      ,   15.524331947781121     
   1.4998498920435489E-002 ,   2.4912217953026339      ,   14.577026475672891     
   1.4964826351994823E-002 ,   2.5073880276445086      ,   14.524963594083360     
   1.5002138747428636E-002 ,   2.4959489069615763      ,   15.026426934024153     
   1.4851289093231574E-002 ,   2.5018233406517143      ,   14.460211191963985     
   1.4930998938333887E-002 ,   2.5102804828545682      ,   14.262704314619359     
   1.5009343507021487E-002 ,   2.5140039073978060      ,   15.359126085363217     
   1.4875162965766329E-002 ,   2.4893388680154702      ,   14.737248273997508     
   1.4940368185888861E-002 ,   2.5052720319148634      ,   14.517234001395906     
   1.4946530874721465E-002 ,   2.5038723380376151      ,   15.093190963918046     
   1.4972568186718771E-002 ,   2.4969891223661920      ,   14.705276044176420     
   1.4969948438181634E-002 ,   2.4947106285654166      ,   15.298495898204660     
   1.4964428862548536E-002 ,   2.5097283864294777      ,   14.854125614229515     
   1.4920141476632391E-002 ,   2.5028970544208820      ,   14.751586666356348     
   1.4956162570870117E-002 ,   2.5034430597541482      ,   15.491442561102923     
   1.5005699644370209E-002 ,   2.4894132101260666      ,   15.390165799725979     
   1.5026530618066180E-002 ,   2.5124697869287091      ,   15.775340590685317     
   1.4874466839819890E-002 ,   2.4980737072305463      ,   15.741385541132853     
   1.4926909830171307E-002 ,   2.5078167403707008      ,   14.454387534107969     
   1.5001527189984827E-002 ,   2.5143391650921956      ,   14.471935515189045     
   1.4978708473696811E-002 ,   2.5058468294585929      ,   14.208780364480422     
   1.5046063069751111E-002 ,   2.4881540922278473      ,   16.465913171809802     
   1.4948375269554769E-002 ,   2.4830470006167116      ,   15.507144731400611     
   1.4905525862148879E-002 ,   2.5056266497964206      ,   15.365080550166692     
   1.5019291465708151E-002 ,   2.4993847004337364      ,   15.659698622229785     
   1.5055485496801663E-002 ,   2.4964491732953444      ,   15.791915086421742     
   1.4988379754132926E-002 ,   2.4934113702869505      ,   15.288238355490476     
   1.4963666723288763E-002 ,   2.4938202696915828      ,   14.576073683930476     
   1.5041895979220782E-002 ,   2.5017069379891792      ,   15.217762331177823     
   1.5054624460840660E-002 ,   2.5109923006546393      ,   15.384416802891257     
   1.4953019530220178E-002 ,   2.4871414048151013      ,   14.841615124681162     
   1.4937492902804746E-002 ,   2.4920796409765273      ,   15.573589387737048     
   1.4974424266719159E-002 ,   2.5057286828037730      ,   15.060747966853674     
   1.4903268994138550E-002 ,   2.4883202457476914      ,   14.783334437167731     
   1.4904788139916775E-002 ,   2.5103405184013985      ,   14.325003976979092     
   1.4873728168090501E-002 ,   2.5020105521930538      ,   15.262838186741996     
   1.4970061289951488E-002 ,   2.4944077276642718      ,   14.906338947298396     
   1.5007951240773263E-002 ,   2.5141612053097044      ,   14.617046606366992     
   1.4932872515647674E-002 ,   2.4909653871851116      ,   14.206263923500908     
   1.4996762366883302E-002 ,   2.4991676864185726      ,   14.656032057937750     
   1.4992129615049182E-002 ,   2.5095115946417028      ,   15.596831434369959     
   1.4921329102790339E-002 ,   2.5064714569746820      ,   14.191213653419561     
   1.5028108963300150E-002 ,   2.4932465420392651      ,   15.931960215366139     
   1.4903787146886432E-002 ,   2.5096042034062434      ,   14.083649433374521     
   1.4987026808174278E-002 ,   2.4974964908954496      ,   15.134929417256670     
   1.5043767297529025E-002 ,   2.5049217790018443      ,   14.469366624208199     
   1.4942118595699732E-002 ,   2.4950480139248130      ,   15.048094923666087     
   1.4924010694674092E-002 ,   2.5023211746643028      ,   14.720479126041504     
   1.4927499781522991E-002 ,   2.5011164024143131      ,   15.586359476441530     
   1.4968771802232618E-002 ,   2.5045991296844785      ,   15.135262861015612     
   1.4848743036651631E-002 ,   2.4974714120587498      ,   15.214261950807204     
   1.4906304774984171E-002 ,   2.4934467201408159      ,   14.971634541539837     
   1.4912316151843484E-002 ,   2.4930099077526560      ,   14.922738583984474     
   1.4969670478564241E-002 ,   2.4835043242033885      ,   14.936560499011318     
   1.5044336122434250E-002 ,   2.4942925803250904      ,   14.741483408587833     
   1.5008478784812875E-002 ,   2.5018390785424875      ,   14.685302322656650     
   1.4886331664427734E-002 ,   2.4934721280086962      ,   14.960675761299502     
   1.4979794343141197E-002 ,   2.5210519705943870      ,   13.523870632639191     
   1.5031203435387193E-002 ,   2.4950397060273617      ,   14.813497881962990     
   1.4931208825023207E-002 ,   2.5080285968141545      ,   14.692603340806773     
   1.4936020666469608E-002 ,   2.5007075046800673      ,   15.159178594951181     
   1.5001524295145211E-002 ,   2.4855977439562760      ,   14.908068766245714     
   1.4933625307288355E-002 ,   2.5078496201183449      ,   15.253799540835457     
   1.5082827084072447E-002 ,   2.5002546174222626      ,   15.978021976093396     
   1.4902547392661244E-002 ,   2.5066981352925128      ,   14.335700559486755     
   1.4996880195155280E-002 ,   2.5022698954599503      ,   15.719458363390324     
   1.4974951423527862E-002 ,   2.5090871336500933      ,   15.536635438509093     
   1.5026637296731170E-002 ,   2.4972776987951351      ,   14.826151919694384     
   1.4963067786682192E-002 ,   2.5001716924945119      ,   14.563249789303466     
   1.4932539959983440E-002 ,   2.4914746592298287      ,   14.845668597529553     
   1.5005692681902844E-002 ,   2.5060770633855314      ,   15.004609719325360     
   1.5016682090273478E-002 ,   2.4962416778882774      ,   15.311000435865090     
   1.4985989381405440E-002 ,   2.5036410669603004      ,   14.349401740267627     
   1.4923991890670705E-002 ,   2.4969131055912328      ,   15.509269278754054     
   1.4905911493364654E-002 ,   2.5034764087455756      ,   14.606008244369594     
   1.4912289316297562E-002 ,   2.4974138991474590      ,   14.615255618065405     
   1.5055565858677979E-002 ,   2.5254168746547343      ,   14.539265746069679     
   1.4891947557396867E-002 ,   2.5086635752475126      ,   14.892769861976815     
   1.4973526014355027E-002 ,   2.4854734196418673      ,   14.686616462762279     
   1.4968603605978138E-002 ,   2.4997499684047302      ,   14.740741207972777     
   1.5032735171304837E-002 ,   2.4956417061402032      ,   13.992475445318576     
   1.4985701095541855E-002 ,   2.4801716518777450      ,   15.570037686485300     
   1.4965246435869647E-002 ,   2.5077338991929565      ,   15.011675185117465     
   1.4953846118090761E-002 ,   2.5232084191462190      ,   14.291804122880714     
   1.4996938946747919E-002 ,   2.4875541048242500      ,   15.476943114398676     
   1.5051238862202486E-002 ,   2.4977480495858329      ,   16.036965236599517     
   1.5019767358905619E-002 ,   2.5008902045417356      ,   15.939085964755723     
   1.4891989718205823E-002 ,   2.4896541498352640      ,   15.345544820975928     
   1.4939080486324894E-002 ,   2.4919973241528774      ,   14.719532256991707     
   1.5025152713375716E-002 ,   2.5076923739561461      ,   14.745929381813980     
   1.4889727569829802E-002 ,   2.4998339010483481      ,   15.282890075759875     
   1.4965811410875371E-002 ,   2.4929826247616460      ,   16.712361053454497     
   1.4965690341661786E-002 ,   2.5127166086431187      ,   14.662733105139109     
   1.4943943356205814E-002 ,   2.4947808755605627      ,   15.617628011345596     
   1.4921666795309978E-002 ,   2.4881944278515369      ,   16.377413600619914     
   1.4906286984075097E-002 ,   2.5175078436790326      ,   14.360454345589297     
   1.4994956194108506E-002 ,   2.5003173471871780      ,   14.780907315283244     
   1.4908796132513528E-002 ,   2.4987800258513349      ,   15.083368677606522     
   1.4977660928831666E-002 ,   2.4932659747192840      ,   14.513347632333501     
   1.4924727944854029E-002 ,   2.4976139071762646      ,   14.423187865562022     
   1.5002386322249284E-002 ,   2.5057436813522633      ,   15.327949148508162     
   1.4924905089517845E-002 ,   2.4922900870580138      ,   14.891097236404867     
   1.4851669336774733E-002 ,   2.4961901978403636      ,   14.509613317776257     
   1.4970877577017400E-002 ,   2.5152066900820973      ,   14.355872400587298     
   1.5082262849379724E-002 ,   2.5128826173917242      ,   15.253432702849411     
   1.4943610057299800E-002 ,   2.5111398997269827      ,   14.303438140166978     
   1.5029099603639368E-002 ,   2.5014799938942920      ,   14.908098524004508     
   1.5021393627666182E-002 ,   2.5207231125923100      ,   14.640589781407233     
   1.4926498416982395E-002 ,   2.4773745897885084      ,   15.814343635826424     
   1.4953833179905155E-002 ,   2.5061699875092240      ,   14.146758350705490     
   1.4988644950897549E-002 ,   2.4962684344685355      ,   14.776127396541870     
   1.4909218496971835E-002 ,   2.4983151888396296      ,   14.697763903377151     
   1.4876300913260525E-002 ,   2.4883286955549946      ,   14.466552059399081     
   1.4928680147642549E-002 ,   2.5049112815654628      ,   15.349384375935088     
   1.4968900806681959E-002 ,   2.5102660117003124      ,   14.601831488499972     
   1.4940957984275022E-002 ,   2.4931386652127134      ,   14.582970318012913     
   1.5023101209405060E-002 ,   2.5076009427428008      ,   14.674982039817003     
   1.5081929349985417E-002 ,   2.5082720526044722      ,   15.443614444400495     
   1.4922072933806541E-002 ,   2.5088815931408801      ,   14.926269485656739     
   1.4926916372712777E-002 ,   2.5050227385506521      ,   15.375152432220176     
   1.5039165746917157E-002 ,   2.5097448335067143      ,   14.240428613476899     
   1.4941616739730405E-002 ,   2.5051104004354317      ,   15.361333443523726     
   1.5005408361471087E-002 ,   2.5173319862512185      ,   15.047339041878992     
   1.5000488932785839E-002 ,   2.4972731108475679      ,   16.416907445237012     
   1.5015824280129403E-002 ,   2.5019307615190751      ,   14.927407580008820     
   1.4968025768401040E-002 ,   2.4996239528957829      ,   14.874502332005799     
   1.4993029183674660E-002 ,   2.4905607114137509      ,   15.711321585095499     
   1.5010158920443365E-002 ,   2.5070774987325986      ,   15.288528940302024     
   1.4974273497426941E-002 ,   2.4988066002124936      ,   14.760198696428450     
   1.4937490563649219E-002 ,   2.4993825536491836      ,   15.068316654418345     
   1.4945407473693608E-002 ,   2.4896116462332922      ,   15.120086419784318     
   1.4983821409513655E-002 ,   2.4918676386633005      ,   15.647673686212617     
   1.4899978107931759E-002 ,   2.4983624099272683      ,   14.905820851027752     
   1.4983491489875614E-002 ,   2.5015405814803935      ,   15.101286833240655     
   1.5044992480208415E-002 ,   2.4935310321560271      ,   15.483885404637313     
   1.5056733624458774E-002 ,   2.5055157723387209      ,   16.319093909051062     
   1.4863228454927895E-002 ,   2.4991128804901521      ,   14.999450474427258     
   1.4950973395110907E-002 ,   2.4959951384331260      ,   15.686458564528820     
   1.4997567205223265E-002 ,   2.5129210215524713      ,   14.457824627848666     
   1.5043131867832947E-002 ,   2.5050209580397240      ,   14.624371789214775     
   1.4899007585580307E-002 ,   2.5005371320950771      ,   15.159777552665217     
   1.4987910127704807E-002 ,   2.4982221154469850      ,   14.882625866562933     
   1.4996644264889889E-002 ,   2.5039164058705321      ,   14.419172698151497     
   1.4963303955751532E-002 ,   2.4982516762738451      ,   15.296734618643736     
   1.4963894115016925E-002 ,   2.5045712262106177      ,   14.970981448990859     
   1.4951880988355740E-002 ,   2.4956016543509056      ,   15.081482565656488     
   1.4953186273612678E-002 ,   2.4949939902449549      ,   15.490646707224284     
   1.4928041496179132E-002 ,   2.5050307746183784      ,   14.392794888229568     
   1.4948522308566661E-002 ,   2.5164002072103653      ,   14.811817818353951     
   1.4966581474017531E-002 ,   2.4995148706175119      ,   14.844340692207215     
   1.4968913564420906E-002 ,   2.5121910195272990      ,   14.792830950253109     
   1.4969552695440183E-002 ,   2.5068445249614988      ,   15.592893002882199     
   1.4916691101662742E-002 ,   2.4989198003983857      ,   14.647011568194896     
   1.5026840002882904E-002 ,   2.5000335531437781      ,   14.303192406952057     
   1.4984089712659056E-002 ,   2.5020210504419844      ,   15.476230020935221     
   1.4934309858344466E-002 ,   2.4991679627470025      ,   14.331173495144766     
   1.5004725604573279E-002 ,   2.4961648986614100      ,   16.161586019998236     
   1.5027031934859401E-002 ,   2.5104109551249953      ,   14.916731245690421     
   1.4989130464984306E-002 ,   2.5073419647290258      ,   15.250963811555861     
   1.4955143882824214E-002 ,   2.5090787509214878      ,   15.048249647391053     
   1.4903054092417446E-002 ,   2.4994506210386769      ,   14.547424706358283     
   1.4962844045174201E-002 ,   2.4909574882606851      ,   14.199450579166932     
   1.4965318825656911E-002 ,   2.4966568332968411      ,   14.857423490373527     
   1.4901352538153535E-002 ,   2.5081290808230667      ,   14.765705931842197     
   1.5034725085386785E-002 ,   2.4927037726670469      ,   16.199844674275845     
   1.4982960184875591E-002 ,   2.4961847015058929      ,   14.484279474990300     
   1.4916128376167388E-002 ,   2.5016266372063973      ,   14.224348582817621     
   1.5025149301285933E-002 ,   2.5080953668078325      ,   15.277851813318296     
   1.4900736248196787E-002 ,   2.4999426968188194      ,   15.114110669829360     
   1.4942058886898625E-002 ,   2.5009649835803986      ,   15.017689701155403     
   1.4925935653604195E-002 ,   2.4999250347898463      ,   15.699072978250458     
   1.4926903511880824E-002 ,   2.4915784647992445      ,   14.716648208656892     
   1.5016597483921243E-002 ,   2.4934325534543516      ,   15.641209806728867     
   1.5058123783555633E-002 ,   2.5221791896029111      ,   14.342985599855382     
   1.5089266150137309E-002 ,   2.5047215138611052      ,   15.149309693023275     
   1.5032618092037226E-002 ,   2.5082163534621214      ,   14.798298346649876     
   1.4974231891773189E-002 ,   2.4954430327889439      ,   15.072812358653035     
   1.4960268723515982E-002 ,   2.5074517162806047      ,   15.375067480490808     
   1.4977383806840236E-002 ,   2.4989049664825167      ,   14.913170923052773     
   1.5022301510780231E-002 ,   2.5043869475969482      ,   15.226393763678196     
   1.4964372052771379E-002 ,   2.5128291629837518      ,   15.356576719378186     
   1.5018026059628743E-002 ,   2.5052561713102239      ,   14.417599582260802     
   1.4820767980253266E-002 ,   2.5031108830068449      ,   13.896278178688599     
   1.4891325279628118E-002 ,   2.4973645127518793      ,   14.321633687854593     
   1.4883044374405768E-002 ,   2.5014996351892336      ,   15.172697166074233     
   1.4924315452636370E-002 ,   2.4782020240895108      ,   15.537506818864617     
   1.4934232947239948E-002 ,   2.4902427444466801      ,   15.323019531910777     
   1.4973728228813328E-002 ,   2.5263380600096119      ,   13.999260767513986     
   1.4909997881471146E-002 ,   2.5054192793242041      ,   15.314926181522626     
   1.5139095409262972E-002 ,   2.4931822859014123      ,   15.791524603306033     
   1.4992726458564981E-002 ,   2.5104602768475113      ,   15.749805359460925     
   1.5003825663196838E-002 ,   2.4945399501496599      ,   15.176572635331166     
   1.5029846498707084E-002 ,   2.5035616941811876      ,   15.342037237437030     
   1.4975447268967549E-002 ,   2.5135174724623761      ,   15.722100735499358     
   1.4925956821320360E-002 ,   2.5049768633769820      ,   14.171598680870492     
   1.4917657740262000E-002 ,   2.4976549018457526      ,   14.621302979524778     
   1.4873876894920441E-002 ,   2.5050129089907358      ,   14.903605106079805     
   1.4919215607877590E-002 ,   2.5064871101009127      ,   14.840456345182748     
   1.5078682379195369E-002 ,   2.5084304246975591      ,   15.778433073574391     
   1.4930313445277529E-002 ,   2.4895691759206882      ,   15.219914067758701     
   1.5019137331084313E-002 ,   2.5069132758524848      ,   14.622654155341010     
   1.4925648214879629E-002 ,   2.5033451490288896      ,   14.890742911353970     
   1.4934797296916937E-002 ,   2.5070270983463314      ,   14.916527040395261     
   1.4952587411246285E-002 ,   2.5234490980359894      ,   15.117314468281627     
   1.4899808224962747E-002 ,   2.5081929823450508      ,   14.462436408258869     
   1.4897219528299116E-002 ,   2.5020130343986757      ,   14.647862224190666     
   1.4957456054675730E-002 ,   2.4960953873710077      ,   15.947200811592285     
   1.4943231094543459E-002 ,   2.4989660409959296      ,   15.109110184345067     
   1.4996749353604817E-002 ,   2.5161614919710837      ,   14.421734978776469     
   1.5003422697199210E-002 ,   2.5009948846196961      ,   15.363084914418728     
   1.4971854519701002E-002 ,   2.5115154617138242      ,   14.591476143369215     
   1.4954698258268572E-002 ,   2.4911337999655516      ,   15.804266989096773     
   1.4855013383963686E-002 ,   2.4816103280654400      ,   15.205513770601272     
   1.4882190572806602E-002 ,   2.4944645790534468      ,   15.235002303211258     
   1.4972667242301141E-002 ,   2.5055245684318770      ,   15.337078921670145     
   1.4967069904833451E-002 ,   2.5114254578315118      ,   14.836250046582711     
   1.4942998871122295E-002 ,   2.4922301361680899      ,   14.921569186080692     
   1.4896838844787957E-002 ,   2.4995847938833129      ,   14.403989846494641     
   1.4915527116077056E-002 ,   2.4875179294260339      ,   15.635379808488235     
   1.4997521353415413E-002 ,   2.4948525779859265      ,   15.306769597419191     
   1.5092458564524581E-002 ,   2.5118792790945190      ,   15.861794807629201     
   1.4931947777775368E-002 ,   2.4839774800513332      ,   14.847826070273532     
   1.4952722841132280E-002 ,   2.4952581854212239      ,   15.056118299562057     
   1.4981495298180108E-002 ,   2.4884662959615684      ,   14.696988015951776     
   1.4997415943820308E-002 ,   2.5016423297212493      ,   15.710221874256657     
   1.4952857209600715E-002 ,   2.5167247636720633      ,   14.878632319161245     
   1.4979286022961068E-002 ,   2.4987391308416500      ,   14.935472170976258     
   1.4948214923727185E-002 ,   2.5191224115422166      ,   14.036281057648116     
   1.5011859650542102E-002 ,   2.5048652555585527      ,   14.873336069821574     
   1.4967559754169881E-002 ,   2.4946937725621958      ,   16.083923277656400     
   1.5087557099442201E-002 ,   2.4986785691275584      ,   15.146807507764338     
   1.4890813686745597E-002 ,   2.5028942589743770      ,   14.027740024583860     
   1.5043752697152479E-002 ,   2.4810106602549933      ,   15.374133888388156     
   1.4909460212204817E-002 ,   2.5032991448704727      ,   14.944277320862591     
   1.4990316401037204E-002 ,   2.5020866350480291      ,   13.724521624984385     
   1.4946474579313813E-002 ,   2.5141227206543930      ,   14.366999273097395     
   1.4959281501918725E-002 ,   2.4940083923108043      ,   14.740480812960840     
   1.4963433051484509E-002 ,   2.4944110270419220      ,   14.673195125850951     
   1.4901467807065645E-002 ,   2.4998123683971785      ,   14.858948220562526     
   1.5011839787282547E-002 ,   2.4964489647414116      ,   15.118886858885395     
   1.4975334901945388E-002 ,   2.4834695186510576      ,   15.110458991906555     
   1.4978211679057093E-002 ,   2.5166883309470558      ,   14.399956480497890     
   1.4994013477702689E-002 ,   2.5037957075449717      ,   16.221277588183533     
   1.4889585465575679E-002 ,   2.5120437492940222      ,   14.112552019077407     
   1.4954911299956544E-002 ,   2.4944808042766371      ,   15.178568005230114     
   1.5000709057323761E-002 ,   2.4886238621015591      ,   15.211062736216352     
   1.4887228322426173E-002 ,   2.4904183089613392      ,   15.464668126535296     
   1.4949778334047918E-002 ,   2.5114227272337271      ,   14.913324742124892     
   1.5012990534057108E-002 ,   2.4836746908527321      ,   15.128418254805307     
   1.4987426038614185E-002 ,   2.4810897617473087      ,   15.555307822526030     
   1.5043177055059833E-002 ,   2.4938467185705422      ,   15.282217602219490     
   1.4968542147679472E-002 ,   2.4878304321533347      ,   15.279438770464614     
   1.5010239341289720E-002 ,   2.4978296622513194      ,   15.096714655604073     
   1.5087391420998198E-002 ,   2.4933036832991915      ,   15.488627551375579     
   1.5064230345087647E-002 ,   2.5052793510648170      ,   15.453052658747819     
   1.4995344557398876E-002 ,   2.4969232700593982      ,   15.834780610692833     
   1.5018336179377615E-002 ,   2.5120828568736564      ,   14.809852576636530     
   1.5010973657257948E-002 ,   2.4913984546850498      ,   15.548993060116969     
   1.5040736143530362E-002 ,   2.5030611590095022      ,   15.221426800211411     
   1.4946832116318261E-002 ,   2.5034691394205417      ,   15.106170340994904     
   1.4913857856860491E-002 ,   2.5044179943050904      ,   14.931242860531363     
   1.5030822798019809E-002 ,   2.5091820288228859      ,   15.468339782745549     
   1.5083896933860735E-002 ,   2.5022022247244697      ,   16.716024978081578     
   1.5038368215549035E-002 ,   2.4934032277699423      ,   14.664432657715428     
   1.4971977335332669E-002 ,   2.5182986242073815      ,   14.777769409700966     
   1.4885320201662963E-002 ,   2.5033198326481823      ,   15.528421877959893     
   1.4904899349413015E-002 ,   2.5033443963620208      ,   14.507515726525199     
   1.4992514875291286E-002 ,   2.5021922956518616      ,   14.673470842140611     
   1.5006554923365273E-002 ,   2.5005204482400223      ,   14.673046610959144     
   1.4916092539548561E-002 ,   2.4844125178390559      ,   14.484497644798882     
   1.5029752876541739E-002 ,   2.5016262905037765      ,   14.546120346979707     
   1.4807839189555583E-002 ,   2.4864905428246420      ,   15.080120112422229     
   1.5026190304743756E-002 ,   2.4726694032346330      ,   16.096458083929029     
   1.5011387099646242E-002 ,   2.4898920158302071      ,   15.113087334095141     
   1.4955492211879421E-002 ,   2.5057627758422312      ,   14.809849143422571     
   1.4943135524871540E-002 ,   2.4966661670246042      ,   15.763357256382530     
   1.5016418325932894E-002 ,   2.5201023626586920      ,   15.760990057010735     
   1.4889254843916941E-002 ,   2.4871076885454566      ,   14.517650659459200     
   1.4937454825400577E-002 ,   2.5123110531524739      ,   14.378697879352597     
   1.5010909894850884E-002 ,   2.5007236145845906      ,   15.407294233850623     
   1.4945657753593277E-002 ,   2.5008557619816014      ,   14.994040188663707     
   1.4865083801223740E-002 ,   2.5026718988593570      ,   14.081020751710639     
   1.4908884492925829E-002 ,   2.4978753954314197      ,   15.135012274074478     
   1.5020735733923775E-002 ,   2.5039265786490379      ,   14.980500664965467     
   1.4948773593844406E-002 ,   2.4983059465528519      ,   15.172191331710676     
   1.4946353745854863E-002 ,   2.5114067644527216      ,   14.216696118427540     
   1.4942244088169234E-002 ,   2.4926125615036101      ,   14.104226389027733     
   1.5069105565075961E-002 ,   2.5007716778129909      ,   15.285789562763926     
   1.4957242665520357E-002 ,   2.4899956990667818      ,   15.424208191405411     
   1.4961120836983373E-002 ,   2.5060191290904816      ,   14.477040221092912     
   1.4886316735402434E-002 ,   2.5014548356165323      ,   14.756460314276204     
   1.4897370843748271E-002 ,   2.4960248657348609      ,   14.816117356380094     
   1.5153311319692634E-002 ,   2.4899828919315019      ,   15.553224497138901     
   1.4947686696749521E-002 ,   2.5215532010293535      ,   14.962760929547695     
   1.4998836199572390E-002 ,   2.5000836614219972      ,   14.872671487734499     
   1.4927760953715886E-002 ,   2.5139796501188099      ,   14.840093255903096     
   1.5017418738131696E-002 ,   2.4987901033908941      ,   14.493536697150894     
   1.4963243363497690E-002 ,   2.5125829559178512      ,   14.452569127947616     
   1.5003564755874086E-002 ,   2.5036399300445744      ,   14.249078900318986     
   1.4880436549137593E-002 ,   2.4870626391823141      ,   15.525510873024569     
   1.5102042539078171E-002 ,   2.5164477224523547      ,   14.944228583356786     
   1.4941279787415622E-002 ,   2.4897796255846214      ,   15.335438333950721     
   1.5017081282377817E-002 ,   2.5169877206120659      ,   14.272372492950282     
   1.5039826693385562E-002 ,   2.4981107132253668      ,   15.827484612379623     
   1.5035391907713701E-002 ,   2.5063119213288916      ,   14.559197974017149     
   1.4946176110083201E-002 ,   2.5046412509707250      ,   14.137813531217008     
   1.5012354990433957E-002 ,   2.5115309550638676      ,   15.038531947212288     
   1.4987585323497461E-002 ,   2.4918796996455348      ,   14.771635378237383     
   1.4933361934892227E-002 ,   2.5077807223552417      ,   15.171248350196500     
   1.5075838659812570E-002 ,   2.4957242402797832      ,   15.495527437264100     
   1.5007923639531330E-002 ,   2.4900475106026105      ,   16.238221645209290     
   1.4909278085138375E-002 ,   2.5024485692257250      ,   14.934320657541511     
   1.4932011839215251E-002 ,   2.5056977894711374      ,   14.669173410708668     
   1.4821505304791600E-002 ,   2.4954279678300848      ,   14.468078857044413     
   1.4989086071662128E-002 ,   2.5250659618123423      ,   14.061185600273063     
   1.5016879122572064E-002 ,   2.5053299293620919      ,   15.602308475874837     
   1.4959932060867964E-002 ,   2.4905563656228922      ,   14.830079928851331     
   1.5050943458896977E-002 ,   2.5032451733049790      ,   14.562543679976294     
   1.5018450250908796E-002 ,   2.4912987233040442      ,   15.166214660365329     
   1.5018551074944443E-002 ,   2.4937483991148199      ,   15.283949114329184     
   1.4994668539038799E-002 ,   2.5093022490132846      ,   13.792371489820420     
   1.4961657701808453E-002 ,   2.5043892500137117      ,   14.891053876677315     
   1.4978221960865809E-002 ,   2.4925082034912247      ,   15.131510963064944     
   1.5030338047704647E-002 ,   2.4925047936764293      ,   14.670652076913285     
   1.4951915687457571E-002 ,   2.4969675193274661      ,   14.836832812233398     
   1.5027981390656905E-002 ,   2.5024939064442204      ,   14.558732633272573     
   1.5027536448190812E-002 ,   2.4986932393713359      ,   16.015023381142651     
   1.4953232117053608E-002 ,   2.4957710536756688      ,   15.040034944539988     
   1.5028191984633205E-002 ,   2.5039509824576283      ,   15.516192112036105     
   1.4990285050266927E-002 ,   2.5184475543197280      ,   14.712808208826809     
   1.4905500930359174E-002 ,   2.4860066464156385      ,   15.546369257043514     
   1.5055868297560530E-002 ,   2.5135828869638694      ,   15.296993746966210     
   1.5028666672558472E-002 ,   2.5178756144063161      ,   14.359275848620033     
   1.5049034883974643E-002 ,   2.5136116374220232      ,   14.715016655018728     
   1.5011598478601281E-002 ,   2.4988677723964203      ,   15.757313775068901     
   1.4970722286207411E-002 ,   2.5045672118025268      ,   14.722863200110380     
   1.5057755227624342E-002 ,   2.5152132277358858      ,   15.270528793422796     
   1.4971958720757270E-002 ,   2.4972375216202427      ,   14.798044062022930     
   1.4867799632018194E-002 ,   2.5088190687610341      ,   15.516029435532324     
   1.5041380231040197E-002 ,   2.4975664508023847      ,   14.149202622561104     
   1.4930353810196421E-002 ,   2.4926479371160806      ,   14.803969955379802     
   1.4886858616464993E-002 ,   2.5191046684732084      ,   15.386131337156032     
   1.4960027501449005E-002 ,   2.4920648096815801      ,   14.655418137238167     
   1.5001048866513602E-002 ,   2.5083630701293806      ,   15.052334363189967     
   1.4968435265952354E-002 ,   2.5149060488641437      ,   14.193125212953374     
   1.5047760787453556E-002 ,   2.5073346719856584      ,   14.579176246875608     
   1.4978802624844412E-002 ,   2.4937609194760042      ,   14.633670624165054     
   1.4977965782504954E-002 ,   2.4944109418260769      ,   15.869058239258349     
   1.4974523882864060E-002 ,   2.5033242577926615      ,   15.327588753560734     
   1.4969717078848775E-002 ,   2.5123826066258403      ,   14.914831234476019     
   1.4986078198376570E-002 ,   2.5010585735491575      ,   14.693870280208593     
   1.5093167511841052E-002 ,   2.4995751090428944      ,   13.805197965435022     
   1.5035558733645579E-002 ,   2.5007822901626038      ,   15.148232621570152     
   1.4989830441866126E-002 ,   2.5000069211428140      ,   14.700238037716002     
   1.5058948309574769E-002 ,   2.5163892005508237      ,   14.683771631742582     
   1.5095621900294892E-002 ,   2.5058049213629894      ,   14.550723120997716     
   1.5010893253650905E-002 ,   2.5094780602293212      ,   15.567991434712976     
   1.5000534406159467E-002 ,   2.4837528949860079      ,   15.504340958096677     
   1.5056593340378907E-002 ,   2.5045120285883260      ,   14.994922826230717     
   1.4892623238530934E-002 ,   2.4850801070279727      ,   14.997183852440253     
   1.4976484480553212E-002 ,   2.5016039078713175      ,   14.701201200670107     
   1.5031777877583368E-002 ,   2.5012609082548178      ,   15.046651548648008     
   1.4907331904779981E-002 ,   2.5012871514422241      ,   15.423106383957544     
   1.5010431422176344E-002 ,   2.4990920340521319      ,   15.541204115986742     
   1.4949804365913227E-002 ,   2.4974729618490072      ,   15.178705484773950     
   1.5051417059654152E-002 ,   2.5053506416153666      ,   15.925536977454046     
   1.4969625880682121E-002 ,   2.4997628373877059      ,   15.188706456130205     
   1.4949839966958657E-002 ,   2.4810683697669647      ,   15.327404303520357     
   1.4970684784895542E-002 ,   2.5032588866964511      ,   14.837879368731231     
   1.4981370497958293E-002 ,   2.4973565185945543      ,   16.059332506177139     
   1.4942597860025622E-002 ,   2.5011253115463186      ,   14.042864479187458     
   1.5042639892249930E-002 ,   2.4949615811438091      ,   15.076183193099320     
   1.4858396310476672E-002 ,   2.4991969421983993      ,   14.981985346350582     
   1.4924501912918726E-002 ,   2.4979025281570513      ,   14.865350684472194     
   1.4868827018585131E-002 ,   2.4980326883649311      ,   14.817588271806406     
   1.4965657845157514E-002 ,   2.4903755744421971      ,   15.296479621176333     
